crm_record_id,lead_id,customer_id,created_date,lead_source,customer_journey_stage,owner_team,region,lead_count,qualified_lead_flag,opportunity_created,closed_won_count,closed_lost_count,callback_required,contact_attempts,estimated_pipeline_value_aud,realized_revenue_aud,days_to_contact,days_in_stage,priority_tier,notes_quality_score
CRM-2026-1000,L-39592,CUST-1407,2026-04-15,Event,Contacted,South Team,VIC,3,1,0,0,0,0,4,4427.52,838.59,2,10,High,0.79
CRM-2026-1001,L-97142,CUST-1195,2026-02-23,Partner,Negotiation,SMB Team,SA,5,1,1,0,0,0,5,7240.28,,1,13,High,0.52
CRM-2026-1002,L-13343,CUST-1188,2026-04-05,Website Form,Closed Lost,Enterprise Team,QLD,4,1,0,0,1,1,1,1011.71,,1,13,Medium,0.58
CRM-2026-1003,L-72752,CUST-1253,2026-01-17,Referral,Negotiation,North Team,SA,1,1,1,0,0,1,1,8366.92,,0,4,High,0.47
CRM-2026-1004,L-37350,CUST-1848,2026-04-19,Referral,proposal,South Team,VIC,10,1,1,0,0,1,3,5763.98,1039.23,4,4,Medium,0.59
CRM-2026-1005,L-31352,CUST-1797,2026-03-15,Outbound,Proposal,South Team,QLD,5,1,1,0,0,1,5,6143.58,,2,17,Medium,0.92
CRM-2026-1006,L-60343,CUST-1169,2026-03-04,Referral,New Lead,SMB Team,SA,6,0,0,0,0,0,1,8717.52,1635.46,3,17,Medium,0.57
CRM-2026-1007,L-52344,CUST-1934,2026-01-23,Outbound,Closed Won,SMB Team,VIC,5,1,1,1,0,0,5,3221.4,2430.68,3,24,Medium,0.6
CRM-2026-1008,L-19337,CUST-1347,2026-04-15,Email Nurture,Contacted,SMB Team,SA,4,0,0,0,0,0,5,,716.46,1,4,Medium,0.64
CRM-2026-1009,L-72292,CUST-1281,2026-03-26,Website Form,Qualified,North Team,VIC,4,1,1,0,0,1,6,,,3,10,High,0.7
CRM-2026-1010,L-42049,CUST-1267,2026-03-30,Referral,Contacted,North Team,SA,9,0,0,0,0,1,1,7090.57,,5,7,High,0.79
CRM-2026-1011,L-97369,CUST-1784,2026-03-18,Event,Closed Won,Enterprise Team,NSW,4,1,1,1,0,0,4,6428.0,6420.51,1,2,Medium,0.49
CRM-2026-1012,L-28777,CUST-1045,2026-03-18,Website Form,New Lead,North Team,SA,4,0,0,0,0,0,2,2111.77,,2,1,Low,0.87
CRM-2026-1013,L-15122,CUST-1622,2026-03-31,Partner,New Lead,SMB Team,WA,1,1,0,0,0,0,2,5117.64,799.65,2,14,High,0.64
CRM-2026-1014,L-36069,CUST-1033,2026-04-12,Referral,New Lead,Enterprise Team,SA,1,0,1,0,0,0,2,6206.3,,6,22,Medium,0.63
CRM-2026-1015,L-86323,CUST-1919,2026-04-16,Email Nurture,Proposal,North Team,QLD,4,1,1,0,0,0,2,1320.16,,0,9,High,0.88
CRM-2026-1016,L-69383,CUST-1009,2026-01-26,Website Form,New Lead,Enterprise Team,VIC,5,0,0,0,0,0,4,1301.51,,6,29,High,0.5
CRM-2026-1017,L-30611,CUST-1600,2026-01-05,Website Form,New Lead,North Team,QLD,5,0,0,0,0,0,3,2081.35,188.0,2,8,Medium,0.65
CRM-2026-1018,L-61356,CUST-1549,2026-01-24,Outbound,Contacted,Enterprise Team,VIC,4,0,0,0,0,1,3,5135.14,,3,18,Low,0.56
CRM-2026-1019,L-24153,CUST-1871,2026-02-24,Partner,Qualified,SMB Team,WA,3,1,0,0,0,0,3,7234.88,,4,2,Strategic,0.53
CRM-2026-1020,L-57882,CUST-1406,2026-01-04,Outbound,Qualified,Enterprise Team,SA,4,1,0,0,0,0,1,6023.59,,1,7,Medium,0.89
CRM-2026-1021,L-80835,CUST-1709,2026-03-31,Referral,Contacted,North Team,WA,4,1,1,0,0,0,2,,241.01,0,6,Medium,0.72
CRM-2026-1022,L-99106,CUST-1017,2026-04-20,Email Nurture,Qualified,Enterprise Team,SA,3,1,1,0,0,0,2,2533.77,,4,5,Medium,0.7
CRM-2026-1023,L-95595,CUST-1263,2026-02-01,Outbound,Negotiation,North Team,WA,3,1,1,0,0,0,7,2351.75,,1,9,High,0.89
CRM-2026-1024,L-33236,CUST-1915,2026-02-09,Referral,Proposal,North Team,NSW,1,1,1,0,0,0,1,3990.39,,4,7,Low,0.89
CRM-2026-1025,L-86908,CUST-1609,2026-01-04,Referral,Negotiation,South Team,WA,4,1,1,0,0,0,5,5464.85,,0,3,High,0.89
CRM-2026-1026,L-99599,CUST-1675,2026-03-07,Website Form,New Lead,North Team,VIC,3,0,0,0,0,1,5,2746.35,238.59,0,19,Medium,0.8
CRM-2026-1027,,CUST-1434,2026-03-03,Email Nurture,Proposal,North Team,SA,6,1,1,0,0,0,3,3140.53,,1,15,Low,0.94
CRM-2026-1028,,CUST-1628,2026-01-23,Website Form,Closed Lost,South Team,SA,8,1,0,0,1,1,2,645.48,,1,15,Medium,0.87
CRM-2026-1029,L-89273,CUST-1107,2026-02-04,Partner,New Lead,South Team,QLD,2,0,0,0,0,0,3,4589.2,,2,11,High,0.98
CRM-2026-1030,L-42913,CUST-1957,2026-03-19,Referral,Negotiation,South Team,WA,4,1,1,0,0,0,1,,,0,15,Low,0.51
CRM-2026-1031,L-65554,CUST-1887,2026-03-01,Referral,New Lead,SMB Team,WA,3,0,1,0,0,1,5,7320.94,,5,7,Strategic,0.94
CRM-2026-1032,L-79669,CUST-1327,2026-01-24,Email Nurture,New Lead,South Team,NSW,7,0,1,0,0,0,5,1663.83,,2,11,Strategic,0.51
CRM-2026-1033,L-84553,CUST-1760,2026-04-20,Email Nurture,Closed Lost,North Team,WA,6,1,0,0,1,1,4,2206.96,,4,8,Low,0.88
CRM-2026-1034,L-93807,CUST-1483,2026-04-01,Event,Qualified,North Team,WA,6,1,0,0,0,1,2,1874.7,221.92,2,8,Low,0.76
CRM-2026-1035,L-99186,CUST-1396,2026-02-20,Referral,Proposal,North Team,NSW,6,1,1,0,0,1,1,,,1,11,Medium,0.9
CRM-2026-1036,L-48158,CUST-1491,2026-04-03,Event,Contacted,North Team,QLD,5,0,1,0,0,1,3,4573.98,,3,10,High,0.86
CRM-2026-1037,L-64615,CUST-1583,2026-03-02,Event,Closed Won,SMB Team,QLD,5,1,1,1,0,0,2,1074.73,1046.11,3,8,Low,0.66
CRM-2026-1038,L-55004,CUST-1925,2026-02-13,Outbound,Proposal,South Team,WA,7,1,1,0,0,0,2,538.94,,0,8,High,0.87
CRM-2026-1039,L-46877,CUST-1970,2026-04-04,Website Form,New Lead,North Team,QLD,4,0,0,0,0,1,5,2844.9,,6,15,Medium,0.78
CRM-2026-1040,L-10956,CUST-1023,2026-03-03,Referral,Qualified,Enterprise Team,WA,6,1,0,0,0,1,4,8185.48,,0,5,Strategic,0.47
CRM-2026-1041,,CUST-1552,2026-03-23,Email Nurture,Qualified,South Team,WA,7,1,0,0,0,1,3,1414.2,,4,14,Medium,0.64
CRM-2026-1042,L-33499,CUST-1512,2026-01-17,Outbound,New Lead,South Team,VIC,3,1,0,0,0,0,4,2999.6,,1,4,High,0.64
CRM-2026-1043,L-45057,CUST-1215,2026-03-05,Outbound,Negotiation,Enterprise Team,SA,4,1,1,0,0,0,5,3841.67,,1,3,Medium,0.73
CRM-2026-1044,L-60138,CUST-1839,2026-03-05,Website Form,New Lead,North Team,NSW,4,1,1,0,0,1,4,2698.39,,3,11,High,0.76
CRM-2026-1045,L-61924,CUST-1654,2026-02-18,Referral,New Lead,Enterprise Team,VIC,5,0,1,0,0,0,1,6747.19,765.39,2,22,Medium,0.74
CRM-2026-1046,L-68348,CUST-1020,2026-03-05,Outbound,Qualified,South Team,NSW,4,1,0,0,0,0,7,6169.93,,3,12,Strategic,0.48
CRM-2026-1047,L-31675,CUST-1375,2026-02-22,Email Nurture,Contacted,North Team,WA,7,1,1,0,0,0,5,1329.2,115.7,0,5,High,0.72
CRM-2026-1048,L-90532,CUST-1976,2026-04-20,Outbound,Negotiation,Enterprise Team,NSW,5,1,1,0,0,1,4,3710.92,296.65,1,5,Medium,0.79
CRM-2026-1049,L-41367,CUST-1352,2026-02-26,Website Form,Proposal,North Team,VIC,4,1,1,0,0,0,5,2763.29,,5,6,Medium,0.49
CRM-2026-1050,L-58604,CUST-1286,2026-03-07,Event,Contacted,Enterprise Team,NSW,4,0,1,0,0,0,1,1347.68,,1,14,Medium,0.89
CRM-2026-1051,L-40682,CUST-1760,2026-01-05,Website Form,Contacted,SMB Team,QLD,4,0,1,0,0,1,7,2901.03,,4,2,Medium,0.77
CRM-2026-1052,L-74309,CUST-1288,2026-04-13,Outbound,Closed Lost,South Team,SA,4,0,0,0,1,0,7,4422.95,,2,16,High,0.54
CRM-2026-1053,L-89364,CUST-1466,2026-02-22,Outbound,Contacted,North Team,WA,3,0,0,0,0,1,2,,,1,7,High,0.78
CRM-2026-1054,L-22411,CUST-1421,2026-01-09,Referral,Qualified,North Team,WA,2,1,0,0,0,1,1,3500.58,,0,9,Medium,0.55
CRM-2026-1055,L-20634,CUST-1702,2026-01-23,Referral,Contacted,SMB Team,WA,4,0,0,0,0,0,4,5699.07,,4,2,Low,0.91
CRM-2026-1056,L-38602,CUST-1725,2026-03-16,Website Form,Proposal,SMB Team,WA,7,1,1,0,0,1,3,2195.09,,4,24,Medium,0.53
CRM-2026-1057,L-86295,CUST-1319,2026-02-10,Partner,Qualified,Enterprise Team,WA,1,1,0,0,0,0,4,3400.27,830.18,0,6,Strategic,0.86
CRM-2026-1058,L-67866,CUST-1521,2026-01-20,Website Form,Closed Lost,Enterprise Team,QLD,4,0,0,0,1,1,2,2056.72,350.42,3,9,Medium,0.68
CRM-2026-1059,L-67941,CUST-1661,2026-01-06,Referral,Proposal,SMB Team,SA,2,1,1,0,0,1,4,6609.14,,1,13,Medium,0.72
CRM-2026-1060,L-72946,CUST-1223,2026-04-01,Event,Proposal,Enterprise Team,WA,3,1,1,0,0,0,4,,290.02,3,16,High,0.88
CRM-2026-1061,L-28313,CUST-1535,2026-03-03,Outbound,Proposal,South Team,VIC,2,1,1,0,0,1,2,1251.23,,0,7,Low,0.54
CRM-2026-1062,L-78926,CUST-1877,2026-01-16,Website Form,New Lead,North Team,WA,3,0,0,0,0,0,2,1845.86,,3,6,Strategic,0.56
CRM-2026-1063,L-67418,CUST-1870,2026-01-11,Event,Qualified,South Team,VIC,2,1,1,0,0,1,2,3256.29,,3,28,Medium,0.63
CRM-2026-1064,L-12839,CUST-1312,2026-04-02,Website Form,New Lead,SMB Team,WA,4,0,0,0,0,0,3,3727.81,712.77,1,8,Strategic,0.7
CRM-2026-1065,L-17927,CUST-1202,2026-02-24,Website Form,Contacted,North Team,SA,5,1,0,0,0,0,3,3242.53,,6,11,Low,0.67
CRM-2026-1066,L-43365,CUST-1288,2026-01-04,Website Form,Proposal,SMB Team,NSW,3,1,1,0,0,1,2,,234.76,0,11,High,0.49
CRM-2026-1067,L-22819,CUST-1153,2026-03-27,Partner,Qualified,North Team,NSW,5,1,0,0,0,0,3,,,2,20,Medium,0.92
CRM-2026-1068,L-16852,CUST-1306,2026-04-04,Email Nurture,Closed Won,North Team,VIC,5,1,1,1,0,0,2,1177.62,1259.28,1,7,Medium,0.85
CRM-2026-1069,L-90685,CUST-1886,2026-03-03,Website Form,Contacted,Enterprise Team,NSW,4,0,1,0,0,0,5,1254.43,,3,10,High,0.79
CRM-2026-1070,L-97489,CUST-1942,2026-03-14,Website Form,Closed Won,South Team,QLD,3,1,1,1,0,1,3,2647.85,2342.65,0,19,High,0.92
CRM-2026-1071,L-11089,CUST-1482,2026-02-15,Outbound,Contacted,North Team,NSW,2,0,0,0,0,0,2,1140.11,164.47,4,7,High,0.57
CRM-2026-1072,L-82237,CUST-1549,2026-01-10,event,Contacted,Enterprise Team,SA,4,0,1,0,0,1,5,3271.57,,1,4,Medium,0.88
CRM-2026-1073,L-24849,CUST-1872,2026-02-18,Outbound,New Lead,South Team,NSW,6,0,0,0,0,0,6,845.67,54.84,3,4,High,0.73
CRM-2026-1074,L-74046,CUST-1526,2026-02-06,Event,Contacted,South Team,QLD,4,1,0,0,0,0,3,1281.23,289.3,4,12,High,0.78
CRM-2026-1075,L-95371,CUST-1361,2026-03-21,Outbound,Proposal,North Team,SA,2,1,1,0,0,0,5,2591.31,,2,3,Medium,0.56
CRM-2026-1076,L-32054,CUST-1396,2026-03-24,Outbound,New Lead,North Team,QLD,4,0,1,0,0,0,2,3465.37,,1,11,Strategic,0.54
CRM-2026-1077,L-44542,CUST-1411,2026-02-07,Referral,Proposal,SMB Team,WA,7,1,1,0,0,0,2,5112.91,,1,17,Medium,0.85
CRM-2026-1078,L-44624,CUST-1310,2026-02-21,referral,Proposal,Enterprise Team,QLD,2,1,1,0,0,1,6,5046.07,,1,11,Medium,0.63
CRM-2026-1079,L-86708,CUST-1006,2026-04-16,Partner,Proposal,SMB Team,QLD,4,1,1,0,0,0,7,904.56,,4,5,High,0.79
CRM-2026-1080,L-36417,CUST-1261,2026-01-06,Referral,New Lead,South Team,VIC,3,1,0,0,0,1,7,,605.34,2,24,Strategic,0.51
CRM-2026-1081,L-19569,CUST-1415,2026-01-04,Email Nurture,Contacted,SMB Team,SA,3,1,0,0,0,0,2,1785.17,,3,5,High,0.57
CRM-2026-1082,L-34842,CUST-1821,2026-01-08,Event,Qualified,North Team,WA,6,1,0,0,0,0,4,3751.74,,4,11,High,0.52
CRM-2026-1083,L-32190,CUST-1750,2026-02-25,Event,Contacted,SMB Team,SA,4,0,0,0,0,0,3,5811.17,711.6,0,14,Low,0.9
CRM-2026-1084,L-27611,CUST-1193,2026-04-18,Referral,Closed Won,SMB Team,QLD,3,1,1,1,0,1,4,4993.49,3806.14,4,5,High,0.97
CRM-2026-1085,,CUST-1572,2026-01-06,Website Form,Closed Lost,North Team,QLD,5,0,0,0,1,0,6,1531.57,,2,6,Medium,0.7
CRM-2026-1086,L-86112,CUST-1182,2026-02-25,Website Form,Proposal,Enterprise Team,SA,4,1,1,0,0,0,3,2532.8,404.73,0,11,High,0.49
CRM-2026-1087,L-60961,CUST-1095,2026-04-05,Partner,Contacted,Enterprise Team,SA,3,0,0,0,0,1,1,6501.55,,3,17,Medium,0.63
CRM-2026-1088,,CUST-1022,2026-03-06,Email Nurture,New Lead,SMB Team,VIC,4,0,0,0,0,1,5,1969.35,,3,8,Medium,0.52
CRM-2026-1089,L-44773,CUST-1992,2026-01-20,Partner,Closed Lost,North Team,SA,3,0,0,0,1,0,4,4010.95,534.66,2,15,Medium,0.94
CRM-2026-1090,L-28199,CUST-1769,2026-04-02,Website Form,proposal,SMB Team,SA,5,1,1,0,0,0,2,2948.3,,2,1,Medium,0.77
CRM-2026-1091,L-65350,CUST-1953,2026-02-15,Website Form,Qualified,SMB Team,SA,4,1,0,0,0,1,2,2010.21,,1,15,Medium,0.8
CRM-2026-1092,L-31607,CUST-1392,2026-02-05,Outbound,Closed Won,Enterprise Team,QLD,4,1,1,1,0,1,3,1613.1,1599.09,2,3,High,0.75
CRM-2026-1093,L-57562,CUST-1247,2026-03-17,Event,New Lead,Enterprise Team,NSW,6,1,0,0,0,1,3,3406.41,,5,3,High,0.49
CRM-2026-1094,L-83402,CUST-1089,2026-03-05,Website Form,Negotiation,South Team,NSW,3,1,1,0,0,1,5,2382.89,,0,11,Strategic,0.54
CRM-2026-1095,L-46777,CUST-1254,2026-04-12,website form,New Lead,North Team,SA,8,0,0,0,0,0,3,,,3,4,High,0.84
CRM-2026-1096,,CUST-1358,2026-01-16,Website Form,qualified,North Team,QLD,2,1,0,0,0,0,4,2798.47,,0,18,Medium,0.75
CRM-2026-1097,L-76668,CUST-1699,2026-04-07,Referral,Proposal,North Team,NSW,3,1,1,0,0,0,5,4012.57,,0,17,Medium,0.85
CRM-2026-1098,L-40908,CUST-1163,2026-02-19,Event,Closed Won,Enterprise Team,WA,3,1,1,1,0,0,3,2794.53,3147.52,4,16,Low,0.91
CRM-2026-1099,L-35711,CUST-1410,2026-01-17,Outbound,Contacted,South Team,WA,5,0,0,0,0,0,3,2638.05,469.91,0,7,Strategic,0.67
CRM-2026-1100,L-12800,CUST-1832,2026-03-15,Website Form,Negotiation,Enterprise Team,VIC,4,1,1,0,0,0,3,1827.59,,0,14,Medium,0.53
CRM-2026-1101,L-81569,CUST-1368,2026-03-21,Website Form,New Lead,SMB Team,NSW,5,1,0,0,0,1,2,2653.2,395.99,5,10,High,0.88
CRM-2026-1102,L-21889,CUST-1783,2026-03-30,Outbound,Closed Lost,North Team,VIC,3,0,0,0,1,1,5,4336.77,,2,11,Low,0.55
CRM-2026-1103,L-32931,CUST-1028,2026-03-05,Website Form,Contacted,North Team,SA,5,0,0,0,0,1,3,2735.65,,2,13,Low,0.69
CRM-2026-1104,,CUST-1668,2026-02-11,Email Nurture,New Lead,Enterprise Team,SA,5,0,0,0,0,0,2,1663.84,,5,7,Low,0.74
CRM-2026-1105,L-92736,CUST-1136,2026-03-28,Partner,proposal,South Team,QLD,5,1,1,0,0,0,4,4697.11,,2,14,High,0.55
CRM-2026-1106,L-11134,CUST-1479,2026-03-23,Partner,Closed Lost,North Team,NSW,4,0,0,0,1,1,5,5054.47,,0,2,Medium,0.77
CRM-2026-1107,,CUST-1186,2026-04-21,Referral,Contacted,SMB Team,QLD,4,0,0,0,0,1,2,1827.75,213.34,1,31,High,0.68
CRM-2026-1108,L-77173,CUST-1037,2026-03-25,Referral,proposal,SMB Team,SA,5,1,1,0,0,0,3,3178.7,,2,5,Strategic,0.85
CRM-2026-1109,L-94774,CUST-1847,2026-02-24,Partner,Negotiation,South Team,SA,3,1,1,0,0,0,3,6327.57,,3,19,Medium,0.91
CRM-2026-1110,L-51605,CUST-1619,2026-01-26,Partner,Negotiation,SMB Team,QLD,2,1,1,0,0,1,3,191.78,,0,11,Low,0.54
CRM-2026-1111,L-40049,CUST-1498,2026-01-28,Email Nurture,Contacted,South Team,SA,3,0,0,0,0,0,2,2163.44,287.62,5,32,Strategic,0.82
CRM-2026-1112,L-35963,CUST-1946,2026-04-01,Outbound,Closed Lost,South Team,NSW,3,0,0,0,1,1,8,5842.85,1146.74,2,2,High,0.66
CRM-2026-1113,,CUST-1573,2026-03-03,Outbound,New Lead,South Team,VIC,4,0,0,0,0,0,5,3122.46,505.25,4,3,Medium,0.94
CRM-2026-1114,L-30176,CUST-1354,2026-04-21,Referral,Negotiation,SMB Team,VIC,1,1,1,0,0,1,4,1782.14,,4,24,Low,0.55
CRM-2026-1115,L-70593,CUST-1395,2026-02-12,Email Nurture,Negotiation,SMB Team,QLD,6,1,1,0,0,0,3,2115.58,473.31,0,2,Medium,0.73
CRM-2026-1116,L-43457,CUST-1687,2026-01-31,Partner,Negotiation,North Team,WA,6,1,1,0,0,0,7,4756.82,,0,15,Medium,0.93
CRM-2026-1117,L-16644,CUST-1802,2026-01-17,Email Nurture,negotiation,SMB Team,QLD,9,1,1,0,0,0,3,1555.34,355.15,2,14,Low,0.72
CRM-2026-1118,L-46182,CUST-1424,2026-02-16,Website Form,Closed Lost,South Team,WA,7,0,0,0,1,1,7,2819.25,,4,11,Medium,0.85
CRM-2026-1119,L-32439,CUST-1810,2026-03-08,Event,Contacted,North Team,NSW,4,0,0,0,0,0,7,3073.0,,1,9,Strategic,0.92
CRM-2026-1120,L-79681,CUST-1357,2026-04-01,Partner,New Lead,SMB Team,QLD,5,0,1,0,0,0,6,6002.78,402.31,3,20,Low,0.51
CRM-2026-1121,L-54673,CUST-1030,2026-03-14,Website Form,New Lead,North Team,WA,2,0,0,0,0,0,2,0,0.0,3,2,Low,0.76
CRM-2026-1122,L-96694,CUST-1524,2026-01-11,Outbound,New Lead,Enterprise Team,SA,2,0,0,0,0,0,3,4477.78,,5,4,High,0.71
CRM-2026-1123,L-91972,CUST-1733,2026-03-31,Outbound,Negotiation,South Team,QLD,4,1,1,0,0,0,6,2791.0,364.38,2,20,Strategic,0.77
CRM-2026-1124,L-79504,CUST-1910,2026-01-03,Outbound,Qualified,South Team,QLD,6,1,0,0,0,0,2,,1344.79,3,7,Strategic,0.95
CRM-2026-1125,L-82307,CUST-1142,2026-04-20,Outbound,Closed Lost,SMB Team,WA,4,0,0,0,1,1,3,,176.42,2,17,Low,0.47
CRM-2026-1126,L-85476,CUST-1852,2026-01-10,Outbound,Qualified,SMB Team,VIC,4,1,0,0,0,1,4,1569.01,,3,3,Medium,0.5
CRM-2026-1127,,CUST-1795,2026-03-31,Referral,Contacted,South Team,WA,7,0,0,0,0,1,6,2516.16,,1,4,Strategic,0.55
CRM-2026-1128,L-93106,CUST-1459,2026-03-06,Referral,Closed Lost,North Team,VIC,3,0,1,0,1,0,4,1962.59,,4,8,High,0.64
CRM-2026-1129,L-51430,CUST-1963,2026-01-13,Partner,Contacted,South Team,VIC,7,1,0,0,0,1,2,6546.29,1155.08,0,11,Medium,0.82
CRM-2026-1130,L-60042,CUST-1967,2026-03-24,Referral,Qualified,SMB Team,QLD,3,1,0,0,0,1,2,5121.65,289.32,1,13,Strategic,0.59
CRM-2026-1131,L-72671,CUST-1007,2026-01-10,Email Nurture,Qualified,South Team,SA,1,1,0,0,0,1,2,1674.24,,0,12,Medium,0.93
CRM-2026-1132,L-22306,CUST-1574,2026-02-06,Outbound,New Lead,North Team,WA,5,0,0,0,0,0,4,3860.14,,2,11,Medium,0.74
CRM-2026-1133,L-15313,CUST-1286,2026-02-06,Referral,Negotiation,SMB Team,WA,7,1,1,0,0,0,2,,,1,7,Medium,0.62
CRM-2026-1134,L-29601,CUST-1782,2026-02-04,Event,New Lead,South Team,NSW,3,0,0,0,0,1,2,3408.12,,3,34,Medium,0.62
CRM-2026-1135,L-35416,CUST-1790,2026-01-07,Website Form,Contacted,North Team,VIC,4,0,0,0,0,0,4,0,0.0,2,7,Medium,0.87
CRM-2026-1136,,CUST-1977,2026-04-18,Partner,Proposal,South Team,VIC,2,1,1,0,0,0,2,5994.67,1436.62,0,21,Medium,0.46
CRM-2026-1137,L-92384,CUST-1375,2026-04-15,Event,Contacted,North Team,SA,3,0,0,0,0,0,1,3053.45,,0,8,Medium,0.48
CRM-2026-1138,L-26428,CUST-1786,2026-02-12,Partner,Contacted,North Team,NSW,8,0,0,0,0,1,2,4693.56,,0,15,Medium,0.92
CRM-2026-1139,L-56418,CUST-1606,2026-01-30,Email Nurture,Contacted,North Team,QLD,5,0,0,0,0,0,1,1999.18,,0,33,Medium,0.63
CRM-2026-1140,L-31684,CUST-1617,2026-01-09,Outbound,Closed Won,North Team,WA,3,1,1,1,0,0,1,2599.42,2493.99,3,21,Low,0.6
CRM-2026-1141,,CUST-1552,2026-03-16,Website Form,Closed Lost,North Team,QLD,6,0,0,0,1,1,3,1399.86,,3,3,Low,0.78
CRM-2026-1142,L-79517,CUST-1673,2026-03-15,Event,Closed Won,South Team,NSW,3,1,1,1,0,1,4,5286.31,5184.57,2,16,High,0.61
CRM-2026-1143,L-94284,CUST-1710,2026-01-14,Outbound,Proposal,SMB Team,VIC,5,1,1,0,0,1,2,,,1,12,Medium,0.71
CRM-2026-1144,L-19726,CUST-1408,2026-02-05,Referral,Closed Won,Enterprise Team,QLD,3,1,1,1,0,0,3,4279.0,4604.68,5,5,Medium,0.66
CRM-2026-1145,L-16828,CUST-1170,2026-02-04,Outbound,New Lead,North Team,QLD,7,0,0,0,0,0,4,6405.92,,3,7,High,0.55
CRM-2026-1146,L-93163,CUST-1576,2026-02-19,Website Form,Closed Lost,North Team,NSW,4,0,1,0,1,0,4,479.27,,2,13,Strategic,0.49
CRM-2026-1147,L-50475,CUST-1746,2026-01-25,Email Nurture,Closed Lost,Enterprise Team,SA,3,0,0,0,1,1,2,1018.59,143.45,5,10,Medium,0.72
CRM-2026-1148,L-38369,CUST-1168,2026-03-05,Website Form,Proposal,SMB Team,SA,2,1,1,0,0,0,4,2534.87,,1,6,Low,0.91
CRM-2026-1149,L-40979,CUST-1420,2026-03-31,Referral,New Lead,Enterprise Team,SA,3,0,0,0,0,1,5,6661.13,,2,14,Low,0.7
CRM-2026-1150,L-16089,CUST-1228,2026-02-08,Partner,negotiation,SMB Team,WA,3,1,1,0,0,0,3,8684.52,1249.74,3,21,High,0.46
CRM-2026-1151,L-62248,CUST-1502,2026-04-11,Website Form,Qualified,South Team,NSW,3,1,0,0,0,0,4,2621.59,,3,3,Medium,0.77
CRM-2026-1152,L-98583,CUST-1121,2026-02-15,Website Form,Proposal,Enterprise Team,WA,7,1,1,0,0,0,2,3929.27,388.34,2,4,Low,0.75
CRM-2026-1153,L-24506,CUST-1133,2026-04-16,Outbound,Closed Won,Enterprise Team,WA,6,1,1,1,0,0,3,4755.42,5438.35,2,12,Medium,0.74
CRM-2026-1154,L-55203,CUST-1117,2026-03-29,Website Form,New Lead,Enterprise Team,QLD,5,0,1,0,0,1,1,2329.71,,0,14,Low,0.63
CRM-2026-1155,L-15730,CUST-1609,2026-04-03,Event,Qualified,Enterprise Team,QLD,7,1,1,0,0,0,3,4266.73,,0,7,High,0.75
CRM-2026-1156,L-95216,CUST-1916,2026-02-06,Website Form,Proposal,SMB Team,WA,2,1,1,0,0,0,6,4256.9,,7,4,Medium,0.84
CRM-2026-1157,L-10901,CUST-1940,2026-03-08,Website Form,Contacted,SMB Team,SA,5,0,1,0,0,0,2,2361.58,,1,6,Medium,0.48
CRM-2026-1158,L-47344,CUST-1929,2026-04-11,Website Form,Proposal,South Team,WA,3,1,1,0,0,0,2,1891.76,,3,7,Medium,0.76
CRM-2026-1159,L-19873,CUST-1622,2026-04-13,Outbound,New Lead,SMB Team,QLD,2,0,1,0,0,0,2,5330.77,288.01,3,14,High,0.6
CRM-2026-1160,L-69199,CUST-1486,2026-02-18,Email Nurture,New Lead,North Team,VIC,2,0,0,0,0,0,2,1961.15,113.86,2,6,Strategic,0.53
CRM-2026-1161,L-24605,CUST-1944,2026-03-21,Website Form,Contacted,North Team,WA,5,0,0,0,0,0,2,672.63,,1,20,High,0.93
CRM-2026-1162,L-82573,CUST-1481,2026-01-05,Website Form,Negotiation,North Team,SA,6,1,1,0,0,1,2,,,2,9,High,0.57
CRM-2026-1163,L-52543,CUST-1223,2026-01-03,Email Nurture,Closed Won,South Team,QLD,4,1,1,1,0,1,4,2236.71,2246.59,4,6,Strategic,0.53
CRM-2026-1164,L-72699,CUST-1333,2026-01-07,referral,New Lead,Enterprise Team,NSW,1,1,0,0,0,0,4,0,0.0,3,1,High,0.72
CRM-2026-1165,L-58517,CUST-1592,2026-04-02,Outbound,New Lead,SMB Team,NSW,2,0,1,0,0,1,3,1987.45,,5,10,Medium,0.48
CRM-2026-1166,L-38229,CUST-1317,2026-01-16,Website Form,Contacted,North Team,VIC,5,0,0,0,0,1,4,2220.85,,4,7,Medium,0.81
CRM-2026-1167,L-77356,CUST-1916,2026-04-15,Outbound,Closed Won,SMB Team,QLD,1,1,1,1,0,1,2,4648.57,4006.04,0,19,Strategic,0.51
CRM-2026-1168,L-94577,CUST-1960,2026-01-29,Website Form,Closed Won,North Team,VIC,4,1,1,1,0,0,2,2308.93,2067.21,0,5,Low,0.87
CRM-2026-1169,L-59737,CUST-1703,2026-01-11,Website Form,Proposal,North Team,SA,1,1,1,0,0,1,2,3892.73,,2,9,Medium,0.65
CRM-2026-1170,L-59178,CUST-1793,2026-03-22,Referral,Qualified,North Team,QLD,5,1,1,0,0,0,3,5258.12,,4,19,Low,0.82
CRM-2026-1171,L-14321,CUST-1669,2026-01-17,Outbound,Negotiation,South Team,WA,3,1,1,0,0,1,3,5514.66,,3,8,Medium,0.58
CRM-2026-1172,L-61375,CUST-1426,2026-04-02,Referral,Proposal,Enterprise Team,VIC,5,1,1,0,0,0,3,7352.6,,0,12,Medium,0.9
CRM-2026-1173,L-73752,CUST-1204,2026-02-13,Referral,Contacted,SMB Team,SA,4,0,1,0,0,0,5,2429.68,286.13,0,9,High,0.94
CRM-2026-1174,,CUST-1821,2026-03-20,Referral,Contacted,SMB Team,NSW,5,0,1,0,0,1,2,1193.09,248.47,1,9,High,0.69
CRM-2026-1175,L-70139,CUST-1281,2026-02-22,Partner,Contacted,Enterprise Team,VIC,2,0,0,0,0,0,3,8937.26,982.51,0,1,Low,0.64
CRM-2026-1176,L-44565,CUST-1083,2026-03-06,Referral,Contacted,North Team,NSW,4,1,0,0,0,0,5,5715.13,,3,13,Medium,0.54
CRM-2026-1177,,CUST-1937,2026-04-08,Partner,Qualified,Enterprise Team,WA,7,1,0,0,0,1,2,5365.88,377.09,0,8,Strategic,0.84
CRM-2026-1178,L-85057,CUST-1477,2026-04-15,Email Nurture,Negotiation,Enterprise Team,WA,6,1,1,0,0,1,3,907.16,,0,10,Low,0.7
CRM-2026-1179,L-24249,CUST-1543,2026-02-23,Referral,Closed Lost,North Team,VIC,2,0,0,0,1,0,3,8036.1,1136.01,2,10,Medium,0.68
CRM-2026-1180,L-95155,CUST-1160,2026-04-08,Referral,Proposal,Enterprise Team,VIC,4,1,1,0,0,0,4,5616.63,,5,16,High,0.69
CRM-2026-1181,L-70289,CUST-1970,2026-01-06,Outbound,Negotiation,South Team,VIC,2,1,1,0,0,0,1,1597.94,,2,12,High,0.46
CRM-2026-1182,L-70101,CUST-1576,2026-04-06,Referral,Closed Won,South Team,SA,4,1,1,1,0,1,3,8409.34,7909.23,3,5,Strategic,0.69
CRM-2026-1183,L-37105,CUST-1877,2026-04-13,Website Form,Qualified,SMB Team,WA,2,1,0,0,0,0,4,2278.71,,2,9,High,0.5
CRM-2026-1184,L-52292,CUST-1657,2026-01-25,Referral,Proposal,North Team,VIC,6,1,1,0,0,0,2,1935.41,345.58,3,25,Medium,0.76
CRM-2026-1185,L-10835,CUST-1198,2026-04-15,Outbound,New Lead,North Team,SA,2,0,0,0,0,0,3,5151.62,,2,11,High,0.72
CRM-2026-1186,L-71646,CUST-1150,2026-04-21,Partner,Contacted,South Team,VIC,7,0,0,0,0,1,3,5043.31,,2,14,Medium,0.9
CRM-2026-1187,L-33956,CUST-1391,2026-01-17,Referral,New Lead,North Team,SA,4,1,0,0,0,0,1,522.88,,1,21,Low,0.46
CRM-2026-1188,L-14025,CUST-1218,2026-02-14,Website Form,Contacted,SMB Team,QLD,1,1,0,0,0,1,2,2847.09,,3,11,Medium,0.69
CRM-2026-1189,L-20748,CUST-1321,2026-01-31,Website Form,Closed Lost,North Team,NSW,7,0,0,0,1,0,3,2118.87,,4,11,High,0.95
CRM-2026-1190,L-27106,CUST-1779,2026-02-07,Event,New Lead,Enterprise Team,SA,5,0,0,0,0,0,2,3587.36,221.74,2,1,Medium,0.82
CRM-2026-1191,L-49422,CUST-1392,2026-01-15,Website Form,Negotiation,North Team,QLD,1,1,1,0,0,1,5,2407.44,401.13,0,8,Strategic,0.58
CRM-2026-1192,,CUST-1617,2026-02-03,Referral,Closed Won,SMB Team,VIC,3,1,1,1,0,0,2,5979.95,4739.5,0,7,Strategic,0.67
CRM-2026-1193,L-99941,CUST-1073,2026-03-14,Referral,Qualified,SMB Team,SA,2,1,1,0,0,0,4,3244.22,,0,3,High,0.5
CRM-2026-1194,L-55528,CUST-1295,2026-03-02,Partner,Contacted,SMB Team,NSW,1,1,0,0,0,1,2,4991.18,,2,8,High,0.55
CRM-2026-1195,L-42940,CUST-1546,2026-03-29,Website Form,Proposal,SMB Team,WA,5,1,1,0,0,1,3,2874.55,,0,2,Strategic,0.75
CRM-2026-1196,L-60341,CUST-1641,2026-01-30,Partner,Qualified,North Team,QLD,4,1,0,0,0,0,2,4457.4,,2,16,Low,0.71
CRM-2026-1197,L-37304,CUST-1463,2026-03-09,Event,Contacted,SMB Team,WA,1,0,0,0,0,0,2,3544.64,293.04,1,12,High,0.78
CRM-2026-1198,L-11893,CUST-1441,2026-02-13,Website Form,New Lead,North Team,NSW,3,1,0,0,0,1,5,1431.27,,0,5,Low,0.81
CRM-2026-1199,L-68032,CUST-1386,2026-02-16,Email Nurture,Qualified,Enterprise Team,SA,4,1,0,0,0,0,4,2429.08,,2,1,High,0.83
CRM-2026-1200,L-14551,CUST-1775,2026-03-05,Website Form,Contacted,North Team,QLD,2,1,0,0,0,1,2,1868.25,368.73,5,7,Medium,0.78
CRM-2026-1201,L-63463,CUST-1972,2026-02-28,Website Form,Proposal,South Team,NSW,3,1,1,0,0,1,6,3338.18,,3,20,High,0.56
CRM-2026-1202,L-96551,CUST-1367,2026-01-08,Referral,New Lead,North Team,VIC,3,0,0,0,0,0,3,8794.62,,1,10,Medium,0.87
CRM-2026-1203,L-84854,CUST-1296,2026-01-30,Event,New Lead,Enterprise Team,WA,3,0,0,0,0,0,4,4156.55,465.09,5,17,Strategic,0.59
CRM-2026-1204,L-11132,CUST-1371,2026-01-30,Email Nurture,New Lead,Enterprise Team,VIC,5,0,0,0,0,1,3,215.89,,2,20,Medium,0.54
CRM-2026-1205,L-34845,CUST-1758,2026-04-20,Website Form,Contacted,North Team,SA,4,0,1,0,0,1,6,2935.03,,1,11,Medium,0.95
CRM-2026-1206,L-75522,CUST-1625,2026-02-15,Email Nurture,Contacted,Enterprise Team,SA,2,0,0,0,0,1,4,1170.89,,0,12,Strategic,0.59
CRM-2026-1207,L-54722,CUST-1140,2026-03-27,Event,Closed Lost,North Team,SA,4,0,0,0,1,1,5,2122.09,,3,13,High,0.58
CRM-2026-1208,L-53723,CUST-1483,2026-02-01,Referral,Qualified,North Team,NSW,3,1,0,0,0,0,2,2829.44,410.01,5,21,Low,0.5
CRM-2026-1209,L-99787,CUST-1168,2026-03-05,Website Form,Closed Won,North Team,NSW,3,1,1,1,0,0,4,2526.02,2533.21,2,4,Medium,0.49
CRM-2026-1210,L-73248,CUST-1758,2026-03-18,Outbound,Qualified,Enterprise Team,SA,4,1,0,0,0,0,4,2919.76,613.63,1,6,Medium,0.71
CRM-2026-1211,L-96148,CUST-1834,2026-04-04,Email Nurture,Proposal,SMB Team,NSW,4,1,1,0,0,0,1,1537.96,187.25,2,16,High,0.78
CRM-2026-1212,L-50167,CUST-1793,2026-04-01,Email Nurture,New Lead,South Team,WA,3,1,0,0,0,0,5,1020.25,,3,5,High,0.52
CRM-2026-1213,L-46445,CUST-1173,2026-04-15,Website Form,Closed Won,North Team,SA,4,1,1,1,0,1,4,,1969.35,3,10,High,0.89
CRM-2026-1214,L-14792,CUST-1686,2026-03-05,Website Form,Qualified,South Team,WA,2,1,0,0,0,1,8,1929.23,333.03,3,5,Medium,0.84
CRM-2026-1215,L-99367,CUST-1977,2026-04-09,Email Nurture,Qualified,Enterprise Team,NSW,3,1,0,0,0,0,4,1824.95,420.79,2,5,Low,0.82
CRM-2026-1216,L-51954,CUST-1631,2026-01-03,Partner,New Lead,South Team,VIC,3,0,1,0,0,1,6,5783.94,,0,9,Medium,0.95
CRM-2026-1217,,CUST-1258,2026-01-29,Referral,New Lead,South Team,VIC,1,0,1,0,0,0,3,1785.83,,1,2,Strategic,0.94
CRM-2026-1218,L-36393,CUST-1136,2026-03-05,Outbound,Qualified,SMB Team,NSW,6,1,0,0,0,0,2,3450.67,846.44,4,4,Low,0.45
CRM-2026-1219,L-53890,CUST-1842,2026-03-20,Email Nurture,Negotiation,SMB Team,SA,3,1,1,0,0,1,2,1310.5,,0,13,Low,0.85
CRM-2026-1220,L-42376,CUST-1370,2026-04-17,Website Form,New Lead,South Team,VIC,4,0,0,0,0,0,1,2177.41,168.12,5,17,Medium,0.6
CRM-2026-1221,L-84702,CUST-1714,2026-01-05,Referral,New Lead,SMB Team,QLD,6,0,0,0,0,0,1,3253.87,,2,5,Low,0.96
CRM-2026-1222,L-14782,CUST-1281,2026-04-15,Outbound,New Lead,SMB Team,QLD,4,0,0,0,0,0,3,4198.32,,3,8,Medium,0.64
CRM-2026-1223,L-12413,CUST-1289,2026-03-13,Website Form,Proposal,North Team,SA,2,1,1,0,0,0,3,2521.92,,2,25,High,0.54
CRM-2026-1224,L-23777,CUST-1458,2026-03-15,Event,Proposal,North Team,QLD,4,1,1,0,0,1,2,3412.08,,1,17,Strategic,0.81
CRM-2026-1225,L-28161,CUST-1280,2026-01-29,Partner,Qualified,SMB Team,SA,5,1,1,0,0,0,5,6321.89,,2,18,Medium,0.46
CRM-2026-1226,L-26448,CUST-1275,2026-01-11,partner,New Lead,Enterprise Team,WA,5,1,0,0,0,0,3,2367.0,,1,9,Strategic,0.67
CRM-2026-1227,L-46486,CUST-1021,2026-03-05,Outbound,New Lead,North Team,QLD,3,0,0,0,0,0,1,4068.2,,3,25,Strategic,0.54
CRM-2026-1228,L-93656,CUST-1022,2026-02-08,Website Form,New Lead,SMB Team,NSW,5,0,0,0,0,0,2,1477.24,,3,14,Strategic,0.77
CRM-2026-1229,L-91426,CUST-1375,2026-04-09,Outbound,New Lead,North Team,QLD,6,0,1,0,0,0,2,4917.57,,2,4,Strategic,0.48
CRM-2026-1230,L-68453,CUST-1414,2026-02-22,Referral,Closed Won,South Team,VIC,6,1,1,1,0,1,4,2377.49,2341.12,5,11,Medium,0.51
CRM-2026-1231,L-30607,CUST-1875,2026-04-18,Website Form,Qualified,North Team,QLD,3,1,0,0,0,0,4,4707.06,,2,28,Medium,0.59
CRM-2026-1232,L-23201,CUST-1691,2026-02-15,email nurture,Proposal,North Team,QLD,6,1,1,0,0,0,2,1699.43,,0,2,High,0.61
CRM-2026-1233,L-17869,CUST-1908,2026-01-26,Referral,New Lead,SMB Team,WA,4,0,0,0,0,0,5,2869.06,262.03,0,6,High,0.78
CRM-2026-1234,L-27733,CUST-1624,2026-03-22,Outbound,Closed Lost,Enterprise Team,WA,2,0,0,0,1,1,5,4691.82,,0,15,Strategic,0.82
CRM-2026-1235,L-89332,CUST-1600,2026-03-02,Partner,Contacted,Enterprise Team,QLD,4,1,0,0,0,1,4,2878.62,,1,12,Low,0.79
CRM-2026-1236,L-36205,CUST-1994,2026-02-03,Email Nurture,Negotiation,North Team,WA,6,1,1,0,0,0,3,3112.88,,1,8,Strategic,0.76
CRM-2026-1237,L-64213,CUST-1245,2026-04-08,Outbound,Qualified,South Team,QLD,5,1,0,0,0,0,3,4174.8,,6,15,Medium,0.49
CRM-2026-1238,L-75294,CUST-1620,2026-03-31,Referral,Negotiation,South Team,SA,3,1,1,0,0,0,4,6383.41,,3,13,High,0.62
CRM-2026-1239,L-93151,CUST-1791,2026-04-17,Website Form,Contacted,South Team,NSW,2,0,0,0,0,0,4,3483.12,,1,19,Medium,0.91
CRM-2026-1240,L-10055,CUST-1252,2026-02-23,Partner,New Lead,South Team,VIC,1,0,1,0,0,0,2,5354.8,,1,17,High,0.65
CRM-2026-1241,L-13196,CUST-1336,2026-03-05,Referral,Qualified,SMB Team,VIC,3,1,0,0,0,0,3,2614.5,,3,22,Medium,0.9
CRM-2026-1242,L-22884,CUST-1392,2026-03-01,Outbound,New Lead,North Team,NSW,3,1,0,0,0,0,2,4193.97,,0,6,Medium,0.5
CRM-2026-1243,L-47289,CUST-1100,2026-02-23,Website Form,Qualified,SMB Team,NSW,4,1,1,0,0,1,2,1856.29,,3,12,Medium,0.71
CRM-2026-1244,L-18077,CUST-1650,2026-01-14,Outbound,Contacted,Enterprise Team,NSW,6,0,0,0,0,0,1,3559.77,,0,22,High,0.88
CRM-2026-1245,L-57965,CUST-1277,2026-02-10,Email Nurture,Negotiation,Enterprise Team,NSW,2,1,1,0,0,1,1,912.06,,2,15,Medium,0.81
CRM-2026-1246,L-87470,CUST-1553,2026-01-04,Referral,Closed Lost,North Team,WA,4,0,0,0,1,0,1,3596.6,,2,2,High,0.68
CRM-2026-1247,L-65989,CUST-1481,2026-01-05,Referral,Proposal,Enterprise Team,WA,5,1,1,0,0,0,3,2947.28,,0,9,Medium,0.86
CRM-2026-1248,L-19425,CUST-1413,2026-04-13,Website Form,Negotiation,North Team,SA,5,1,1,0,0,0,2,3307.36,780.54,6,9,High,0.85
CRM-2026-1249,L-84163,CUST-1851,2026-02-27,Event,Contacted,North Team,QLD,3,0,0,0,0,1,1,4052.78,,4,11,Medium,0.6
CRM-2026-1250,L-64639,CUST-1083,2026-03-24,Partner,Closed Won,Enterprise Team,SA,2,1,1,1,0,0,2,7618.54,6880.24,2,8,Low,0.83
CRM-2026-1251,L-45645,CUST-1462,2026-03-02,Email Nurture,Negotiation,North Team,QLD,2,1,1,0,0,1,4,1833.29,,3,3,Low,0.67
CRM-2026-1252,L-37328,CUST-1661,2026-01-04,Outbound,Qualified,Enterprise Team,VIC,2,1,0,0,0,0,4,3378.39,196.14,0,14,Medium,0.69
CRM-2026-1253,L-72363,CUST-1922,2026-01-04,Partner,Negotiation,North Team,VIC,4,1,1,0,0,0,3,3636.56,385.24,1,21,High,0.96
CRM-2026-1254,L-22516,CUST-1574,2026-04-04,Event,Proposal,South Team,QLD,3,1,1,0,0,1,1,1988.62,,4,15,High,0.53
CRM-2026-1255,L-44012,CUST-1151,2026-02-25,email nurture,Contacted,Enterprise Team,VIC,3,0,1,0,0,0,3,3560.71,,0,2,Medium,0.94
CRM-2026-1256,L-35651,CUST-1639,2026-03-30,Outbound,New Lead,North Team,WA,4,0,0,0,0,0,4,2608.69,,1,13,Medium,0.89
CRM-2026-1257,L-24728,CUST-1742,2026-04-13,Website Form,Contacted,SMB Team,SA,4,0,1,0,0,0,1,3803.62,500.59,1,15,Low,0.73
CRM-2026-1258,L-27157,CUST-1509,2026-04-08,Email Nurture,Contacted,South Team,VIC,5,0,1,0,0,1,3,3230.87,661.85,6,5,Low,0.96
CRM-2026-1259,L-68418,CUST-1786,2026-04-09,Email Nurture,Contacted,SMB Team,QLD,4,0,0,0,0,1,1,3066.19,,5,7,Strategic,0.8
CRM-2026-1260,L-56193,CUST-1338,2026-01-03,Referral,Contacted,South Team,SA,6,0,0,0,0,0,3,7234.83,,0,8,Low,0.95
CRM-2026-1261,,CUST-1860,2026-01-21,Website Form,Contacted,South Team,SA,4,0,0,0,0,0,2,1804.1,440.94,1,6,Medium,0.53
CRM-2026-1262,L-11597,CUST-1336,2026-01-04,Partner,New Lead,SMB Team,NSW,4,1,0,0,0,0,2,7444.41,1642.83,1,26,Medium,0.81
CRM-2026-1263,,CUST-1570,2026-02-24,Website Form,Negotiation,North Team,QLD,4,1,1,0,0,0,3,1824.69,,3,11,High,0.94
CRM-2026-1264,L-23866,CUST-1056,2026-02-15,Email Nurture,Qualified,South Team,VIC,2,1,1,0,0,1,4,2638.35,,0,7,Medium,0.86
CRM-2026-1265,L-89305,CUST-1079,2026-04-02,Website Form,New Lead,Enterprise Team,NSW,5,0,0,0,0,0,2,2504.93,,0,13,Medium,0.82
CRM-2026-1266,L-54458,CUST-1420,2026-02-03,Outbound,Qualified,North Team,VIC,6,1,0,0,0,0,3,6999.12,,3,6,High,0.72
CRM-2026-1267,L-19677,CUST-1079,2026-03-13,Website Form,Proposal,South Team,QLD,3,1,1,0,0,0,2,3334.45,,4,10,Low,0.55
CRM-2026-1268,L-66888,CUST-1656,2026-02-03,Outbound,Qualified,Enterprise Team,QLD,2,1,0,0,0,0,3,3484.49,,2,6,Medium,0.61
CRM-2026-1269,L-71918,CUST-1570,2026-03-11,Partner,Closed Won,South Team,VIC,3,1,1,1,0,0,3,3354.09,2930.98,2,6,Low,0.79
CRM-2026-1270,,CUST-1043,2026-02-26,Website Form,New Lead,Enterprise Team,QLD,5,1,1,0,0,0,5,1509.26,,0,3,High,0.78
CRM-2026-1271,L-33671,CUST-1066,2026-03-18,Referral,Negotiation,North Team,VIC,4,1,1,0,0,0,2,4857.37,,2,13,Medium,0.56
CRM-2026-1272,L-10916,CUST-1684,2026-02-27,Outbound,Qualified,SMB Team,WA,4,1,1,0,0,0,1,4889.6,,4,13,Medium,0.87
CRM-2026-1273,L-78112,CUST-1891,2026-01-19,Website Form,Contacted,South Team,QLD,8,0,0,0,0,0,3,2687.64,291.56,1,5,Medium,0.9
CRM-2026-1274,L-82154,CUST-1859,2026-02-09,Outbound,contacted,Enterprise Team,QLD,6,0,0,0,0,1,5,3971.06,,3,12,High,0.66
CRM-2026-1275,L-66414,CUST-1544,2026-01-26,Website Form,New Lead,Enterprise Team,VIC,4,1,1,0,0,1,3,1729.6,,4,13,High,0.77
CRM-2026-1276,L-39048,CUST-1213,2026-03-12,Referral,Closed Won,SMB Team,QLD,1,1,1,1,0,1,2,6004.82,6813.38,3,12,Strategic,0.85
CRM-2026-1277,L-24677,CUST-1170,2026-04-10,Outbound,Proposal,South Team,QLD,5,1,1,0,0,1,6,4704.26,,1,14,High,0.8
CRM-2026-1278,L-15607,CUST-1130,2026-03-13,Outbound,Proposal,North Team,WA,4,1,1,0,0,0,5,4779.92,1181.91,3,4,High,0.71
CRM-2026-1279,L-36962,CUST-1686,2026-03-29,Website Form,New Lead,Enterprise Team,VIC,5,1,1,0,0,0,1,,,0,10,Low,0.62
CRM-2026-1280,L-56514,CUST-1106,2026-01-13,Referral,Contacted,Enterprise Team,WA,3,0,0,0,0,0,2,4321.76,,1,14,Medium,0.63
CRM-2026-1281,L-68784,CUST-1169,2026-01-18,Email Nurture,Qualified,South Team,QLD,3,1,0,0,0,0,2,849.67,93.91,3,6,Strategic,0.55
CRM-2026-1282,L-93629,CUST-1662,2026-04-09,Outbound,New Lead,South Team,SA,8,0,0,0,0,1,4,5030.84,,3,9,Medium,0.74
CRM-2026-1283,L-59306,CUST-1866,2026-03-16,Website Form,Qualified,Enterprise Team,SA,2,1,1,0,0,0,3,4149.47,,1,7,Medium,0.69
CRM-2026-1284,L-66494,CUST-1000,2026-03-02,Referral,qualified,Enterprise Team,WA,2,1,0,0,0,0,7,1615.86,,2,20,Medium,0.84
CRM-2026-1285,L-37114,CUST-1618,2026-03-13,Website Form,Proposal,SMB Team,QLD,2,1,1,0,0,0,2,2867.4,,1,3,Medium,0.66
CRM-2026-1286,,CUST-1394,2026-03-23,Referral,New Lead,South Team,SA,2,1,0,0,0,1,2,3287.59,,2,5,Medium,0.84
CRM-2026-1287,,CUST-1000,2026-04-05,Referral,Closed Lost,South Team,VIC,7,0,1,0,1,0,3,5429.0,,1,22,Medium,0.79
CRM-2026-1288,L-87518,CUST-1463,2026-01-05,Website Form,Qualified,SMB Team,SA,4,1,0,0,0,0,2,2748.55,,2,7,Medium,0.53
CRM-2026-1289,L-48492,CUST-1811,2026-01-22,Email Nurture,Closed Lost,SMB Team,NSW,4,0,0,0,1,1,2,1574.25,,2,10,Strategic,0.79
CRM-2026-1290,L-27671,CUST-1796,2026-03-02,Website Form,Closed Won,South Team,WA,3,1,1,1,0,1,3,1748.46,1624.12,3,6,High,0.75
CRM-2026-1291,L-64471,CUST-1961,2026-02-07,Email Nurture,Proposal,North Team,VIC,6,1,1,0,0,1,2,2020.77,,1,7,Medium,0.58
CRM-2026-1292,L-92681,CUST-1113,2026-01-21,Referral,Qualified,South Team,QLD,4,1,1,0,0,0,4,6614.03,,3,15,Medium,0.83
CRM-2026-1293,,CUST-1318,2026-04-02,Referral,New Lead,Enterprise Team,SA,4,0,1,0,0,0,4,6255.32,,1,7,Medium,0.65
CRM-2026-1294,L-35395,CUST-1746,2026-03-10,Outbound,Contacted,North Team,VIC,7,0,0,0,0,0,2,4706.8,,3,15,Strategic,0.93
CRM-2026-1295,L-98952,CUST-1060,2026-01-21,Email Nurture,qualified,North Team,NSW,6,1,0,0,0,0,3,2512.85,,0,10,Medium,0.7
CRM-2026-1296,L-37315,CUST-1098,2026-01-22,Event,New Lead,South Team,WA,4,1,0,0,0,0,5,2307.53,,1,23,High,0.96
CRM-2026-1297,L-52940,CUST-1121,2026-04-08,Website Form,Qualified,South Team,QLD,4,1,1,0,0,0,2,1802.02,,3,13,Medium,0.64
CRM-2026-1298,L-83527,CUST-1079,2026-03-14,Partner,Qualified,Enterprise Team,QLD,2,1,0,0,0,0,2,3404.47,,2,8,Medium,0.75
CRM-2026-1299,L-48333,CUST-1387,2026-02-23,Referral,Contacted,Enterprise Team,NSW,3,1,0,0,0,0,2,5405.07,,0,20,Medium,0.81
CRM-2026-1300,L-69567,CUST-1926,2026-04-17,Referral,Proposal,North Team,QLD,4,1,1,0,0,1,4,2056.13,,0,22,High,0.63
CRM-2026-1301,L-27939,CUST-1561,2026-02-04,Website Form,New Lead,Enterprise Team,VIC,3,0,0,0,0,0,2,3033.83,229.1,3,9,High,0.89
CRM-2026-1302,L-71009,CUST-1665,2026-02-11,Email Nurture,Proposal,North Team,WA,4,1,1,0,0,0,1,1879.44,,2,8,Medium,0.91
CRM-2026-1303,L-84311,CUST-1983,2026-02-10,Partner,Closed Won,South Team,VIC,4,1,1,1,0,1,2,4946.95,5183.16,4,5,Medium,0.55
CRM-2026-1304,,CUST-1220,2026-03-25,Outbound,Closed Lost,SMB Team,SA,3,0,0,0,1,1,6,5961.83,,4,2,Medium,0.66
CRM-2026-1305,L-65048,CUST-1111,2026-04-16,Website Form,Contacted,Enterprise Team,QLD,4,0,0,0,0,1,2,970.17,,3,25,High,0.96
CRM-2026-1306,L-56733,CUST-1763,2026-01-03,Outbound,Closed Lost,Enterprise Team,NSW,5,0,1,0,1,0,1,4789.19,1089.76,3,8,Strategic,0.61
CRM-2026-1307,L-91614,CUST-1855,2026-01-13,Website Form,New Lead,Enterprise Team,VIC,5,0,0,0,0,0,3,1445.21,,4,16,Strategic,0.84
CRM-2026-1308,L-40048,CUST-1998,2026-04-04,Website Form,Closed Won,North Team,WA,6,1,1,1,0,0,3,1487.21,1379.3,0,11,High,0.86
CRM-2026-1309,L-60949,CUST-1924,2026-02-28,Website Form,Qualified,North Team,SA,6,1,1,0,0,0,3,2116.14,,1,6,Strategic,0.92
CRM-2026-1310,L-16050,CUST-1944,2026-04-01,Referral,Closed Won,North Team,SA,6,1,1,1,0,0,2,3907.0,3624.31,2,23,Low,0.6
CRM-2026-1311,,CUST-1574,2026-02-21,Email Nurture,Proposal,Enterprise Team,SA,7,1,1,0,0,1,2,310.97,,0,5,Medium,0.96
CRM-2026-1312,,CUST-1912,2026-01-25,Partner,Negotiation,South Team,WA,5,1,1,0,0,1,5,2966.19,,3,19,Medium,0.81
CRM-2026-1313,L-65609,CUST-1146,2026-02-02,Event,New Lead,South Team,WA,5,0,0,0,0,0,5,2885.19,,4,10,High,0.6
CRM-2026-1314,L-60886,CUST-1000,2026-04-06,Email Nurture,Contacted,Enterprise Team,NSW,2,0,0,0,0,1,2,3046.71,411.31,5,5,Medium,0.57
CRM-2026-1315,L-27718,CUST-1321,2026-02-13,Outbound,Contacted,South Team,SA,2,0,0,0,0,1,8,,,7,10,Medium,0.93
CRM-2026-1316,L-68715,CUST-1232,2026-04-11,Email Nurture,Closed Lost,SMB Team,VIC,4,0,0,0,1,0,2,1809.67,,1,7,Medium,0.72
CRM-2026-1317,L-58791,CUST-1187,2026-01-09,Partner,Qualified,North Team,WA,6,1,0,0,0,1,5,7429.46,,0,9,Medium,0.97
CRM-2026-1318,L-35557,CUST-1303,2026-01-18,Referral,Qualified,South Team,QLD,3,1,0,0,0,1,7,2111.91,,3,7,Medium,0.58
CRM-2026-1319,L-58692,CUST-1876,2026-04-02,Outbound,New Lead,North Team,WA,3,0,1,0,0,1,3,4130.8,,0,1,Low,0.55
CRM-2026-1320,,CUST-1891,2026-03-03,Website Form,Contacted,SMB Team,NSW,4,0,0,0,0,0,2,2445.01,,2,18,Low,0.78
CRM-2026-1321,L-53372,CUST-1102,2026-01-04,Referral,new_lead,SMB Team,QLD,3,0,0,0,0,0,3,8322.75,1387.27,0,5,High,0.64
CRM-2026-1322,L-80375,CUST-1045,2026-01-03,Referral,Qualified,North Team,NSW,1,1,0,0,0,1,5,2497.37,,2,6,High,0.64
CRM-2026-1323,L-42747,CUST-1230,2026-02-19,Email Nurture,New Lead,Enterprise Team,WA,6,0,0,0,0,0,6,3184.46,,2,37,Strategic,0.73
CRM-2026-1324,,CUST-1653,2026-01-14,Referral,New Lead,South Team,SA,8,0,1,0,0,1,6,9225.21,,0,10,Low,0.8
CRM-2026-1325,L-78449,CUST-1262,2026-03-12,Outbound,Proposal,North Team,WA,5,1,1,0,0,0,3,4009.87,992.11,3,12,Medium,0.56
CRM-2026-1326,L-32485,CUST-1076,2026-02-08,Referral,Negotiation,North Team,QLD,2,1,1,0,0,0,5,5310.24,,0,3,High,0.79
CRM-2026-1327,L-66440,CUST-1718,2026-02-03,Outbound,New Lead,Enterprise Team,QLD,5,0,1,0,0,0,3,5511.51,,0,20,Medium,0.71
CRM-2026-1328,L-16553,CUST-1757,2026-01-11,Outbound,Contacted,South Team,VIC,4,0,0,0,0,1,3,2076.07,314.58,2,8,Medium,0.76
CRM-2026-1329,L-67183,CUST-1869,2026-04-17,Partner,Proposal,SMB Team,WA,4,1,1,0,0,1,4,,,0,19,Strategic,0.88
CRM-2026-1330,L-22204,CUST-1369,2026-04-11,Partner,Proposal,North Team,NSW,5,1,1,0,0,0,2,,,3,8,High,0.9
CRM-2026-1331,L-62800,CUST-1325,2026-01-21,Event,New Lead,South Team,SA,2,1,0,0,0,0,4,5157.73,,3,5,Medium,0.74
CRM-2026-1332,L-14676,CUST-1969,2026-02-19,Outbound,Contacted,South Team,SA,10,0,0,0,0,1,4,4055.59,,5,26,Medium,0.67
CRM-2026-1333,L-84092,CUST-1820,2026-03-23,Referral,Qualified,Enterprise Team,SA,6,1,0,0,0,0,2,4984.21,581.67,1,3,High,0.78
CRM-2026-1334,,CUST-1691,2026-01-05,Outbound,Qualified,Enterprise Team,WA,1,1,0,0,0,0,3,5168.12,,4,10,High,0.74
CRM-2026-1335,L-24690,CUST-1195,2026-01-22,Website Form,Qualified,South Team,SA,4,1,0,0,0,0,7,3410.36,,0,12,Strategic,0.66
CRM-2026-1336,L-58621,CUST-1657,2026-01-26,Email Nurture,Contacted,Enterprise Team,NSW,3,0,0,0,0,1,1,,,1,4,Medium,0.89
CRM-2026-1337,,CUST-1522,2026-02-25,Referral,Proposal,SMB Team,WA,4,1,1,0,0,0,2,4316.46,,3,11,Medium,0.81
CRM-2026-1338,L-80560,CUST-1547,2026-02-04,partner,Contacted,North Team,VIC,10,1,0,0,0,1,4,1548.94,,6,6,Low,0.55
CRM-2026-1339,L-96130,CUST-1262,2026-01-26,Event,Qualified,SMB Team,QLD,4,1,0,0,0,0,6,4098.33,,0,3,Medium,0.52
CRM-2026-1340,L-16984,CUST-1955,2026-03-18,Referral,Proposal,North Team,NSW,6,1,1,0,0,0,3,1535.94,,0,4,Medium,0.51
CRM-2026-1341,L-36467,CUST-1830,2026-03-15,Outbound,Proposal,North Team,SA,7,1,1,0,0,1,1,4137.47,,0,20,High,0.93
CRM-2026-1342,L-56947,CUST-1308,2026-02-07,website form,Qualified,Enterprise Team,WA,3,1,0,0,0,0,4,1014.17,52.95,1,6,Low,0.48
CRM-2026-1343,L-75077,CUST-1720,2026-02-09,Referral,Closed Won,Enterprise Team,NSW,5,1,1,1,0,1,5,5198.68,4798.16,3,3,Low,0.53
CRM-2026-1344,L-20528,CUST-1542,2026-04-16,Referral,Contacted,Enterprise Team,SA,1,0,1,0,0,0,3,3740.84,,0,12,Medium,0.69
CRM-2026-1345,,CUST-1198,2026-03-27,Website Form,Proposal,Enterprise Team,WA,6,1,1,0,0,0,6,1625.01,,2,1,Medium,0.83
CRM-2026-1346,L-99532,CUST-1970,2026-04-11,Website Form,Negotiation,Enterprise Team,VIC,4,1,1,0,0,0,8,2403.4,,1,15,Medium,0.58
CRM-2026-1347,,CUST-1163,2026-04-01,Outbound,Closed Lost,SMB Team,WA,4,0,0,0,1,0,4,1533.08,,0,4,Medium,0.51
CRM-2026-1348,L-19088,CUST-1522,2026-04-11,Website Form,New Lead,South Team,QLD,5,0,0,0,0,0,2,2538.68,,5,8,Medium,0.83
CRM-2026-1349,L-37350,CUST-1365,2026-01-27,Website Form,Contacted,North Team,WA,3,0,0,0,0,0,2,1723.12,313.54,2,17,Medium,0.71
CRM-2026-1350,L-65268,CUST-1898,2026-04-05,Referral,Negotiation,North Team,SA,4,1,1,0,0,1,2,5710.05,1110.39,3,22,Medium,0.98
CRM-2026-1351,L-71189,CUST-1193,2026-01-20,Email Nurture,Closed Won,Enterprise Team,NSW,3,1,1,1,0,0,2,2027.27,1537.99,4,15,Medium,0.56
CRM-2026-1352,L-13201,CUST-1686,2026-04-22,Referral,New Lead,North Team,NSW,8,0,0,0,0,0,4,7720.72,,0,38,Medium,0.83
CRM-2026-1353,L-46212,CUST-1627,2026-03-25,Website Form,Closed Lost,North Team,QLD,3,0,0,0,1,1,5,2591.58,,4,15,Low,0.45
CRM-2026-1354,L-60151,CUST-1824,2026-03-09,Referral,Contacted,Enterprise Team,NSW,4,0,0,0,0,1,2,3958.46,,3,5,Medium,0.9
CRM-2026-1355,,CUST-1198,2026-02-25,Referral,Negotiation,South Team,QLD,1,1,1,0,0,0,3,5259.32,982.47,3,18,High,0.75
CRM-2026-1356,L-60278,CUST-1635,2026-02-06,Email Nurture,Contacted,North Team,VIC,4,1,0,0,0,1,5,1221.61,,4,25,Medium,0.82
CRM-2026-1357,L-76555,CUST-1760,2026-03-23,Email Nurture,Qualified,SMB Team,SA,2,1,0,0,0,0,1,,,0,8,High,0.96
CRM-2026-1358,L-37584,CUST-1751,2026-03-04,Outbound,Contacted,South Team,QLD,5,0,0,0,0,1,9,5706.4,1059.7,0,16,Low,0.53
CRM-2026-1359,L-66950,CUST-1965,2026-02-12,Event,Contacted,North Team,QLD,7,1,0,0,0,0,2,5078.03,1105.49,0,4,High,0.97
CRM-2026-1360,L-98754,CUST-1591,2026-04-12,Partner,Proposal,South Team,WA,3,1,1,0,0,0,3,0,0.0,2,3,Medium,0.56
CRM-2026-1361,,CUST-1655,2026-02-04,Website Form,Closed Lost,SMB Team,NSW,4,0,0,0,1,0,2,1379.55,,0,19,Low,0.85
CRM-2026-1362,L-71600,CUST-1870,2026-03-11,Outbound,New Lead,North Team,SA,2,0,0,0,0,1,2,2155.7,,2,6,High,0.91
CRM-2026-1363,L-11942,CUST-1932,2026-02-04,Partner,Closed Lost,North Team,SA,2,0,0,0,1,1,2,4435.64,692.19,3,16,Low,0.64
CRM-2026-1364,L-30600,CUST-1418,2026-01-16,Partner,Qualified,North Team,WA,7,1,0,0,0,0,3,3541.07,607.8,5,8,Low,0.9
CRM-2026-1365,L-89453,CUST-1393,2026-01-23,email nurture,Closed Lost,South Team,SA,5,0,0,0,1,1,7,,,1,14,Strategic,0.8
CRM-2026-1366,L-40543,CUST-1076,2026-02-19,partner,New Lead,SMB Team,NSW,6,0,0,0,0,1,1,8783.3,,3,17,Medium,0.7
CRM-2026-1367,L-37378,CUST-1438,2026-01-22,Referral,Negotiation,Enterprise Team,VIC,3,1,1,0,0,1,4,4606.33,1059.32,6,13,Medium,0.93
CRM-2026-1368,L-87112,CUST-1701,2026-01-10,Website Form,Contacted,Enterprise Team,VIC,4,1,0,0,0,1,2,3781.42,,3,5,Medium,0.62
CRM-2026-1369,L-23686,CUST-1867,2026-01-09,Website Form,Contacted,North Team,QLD,7,0,1,0,0,1,4,2915.81,,2,5,High,0.81
CRM-2026-1370,L-20110,CUST-1176,2026-03-10,Website Form,Contacted,South Team,WA,7,0,0,0,0,0,3,1474.4,319.63,1,2,Medium,0.73
CRM-2026-1371,L-29416,CUST-1360,2026-01-19,Website Form,Qualified,North Team,QLD,2,1,0,0,0,0,4,1258.82,,6,12,Medium,0.84
CRM-2026-1372,L-69201,CUST-1221,2026-02-04,Email Nurture,Proposal,North Team,NSW,3,1,1,0,0,0,2,1364.24,,3,11,Medium,0.74
CRM-2026-1373,L-90978,CUST-1764,2026-02-19,Website Form,Proposal,Enterprise Team,WA,2,1,1,0,0,0,4,2349.1,,4,7,Medium,0.56
CRM-2026-1374,L-57458,CUST-1235,2026-03-19,Outbound,Contacted,North Team,VIC,4,1,0,0,0,0,3,3667.87,245.02,7,1,Medium,0.65
CRM-2026-1375,L-62979,CUST-1669,2026-03-02,Referral,Closed Lost,North Team,QLD,1,0,0,0,1,0,2,3333.4,470.59,1,11,Strategic,0.76
CRM-2026-1376,L-34276,CUST-1559,2026-03-29,Referral,Negotiation,SMB Team,VIC,2,1,1,0,0,1,4,6698.67,650.69,0,11,Medium,0.57
CRM-2026-1377,L-22875,CUST-1595,2026-01-24,Partner,New Lead,Enterprise Team,VIC,5,0,0,0,0,0,3,,,1,3,Strategic,0.69
CRM-2026-1378,L-77474,CUST-1742,2026-04-22,Event,Closed Lost,SMB Team,NSW,1,0,0,0,1,0,3,4363.69,,0,7,Medium,0.63
CRM-2026-1379,L-94335,CUST-1637,2026-02-01,Referral,Negotiation,North Team,VIC,3,1,1,0,0,0,3,7635.29,457.54,1,6,Medium,0.71
CRM-2026-1380,L-65916,CUST-1192,2026-02-09,Event,Qualified,SMB Team,NSW,6,1,1,0,0,0,2,2361.29,,1,12,High,0.49
CRM-2026-1381,L-63143,CUST-1442,2026-04-14,Referral,Qualified,North Team,QLD,5,1,0,0,0,1,2,4487.18,,0,11,High,0.85
CRM-2026-1382,L-27316,CUST-1141,2026-04-21,Event,Closed Lost,North Team,QLD,4,0,1,0,1,0,1,1372.85,,0,28,Low,0.5
CRM-2026-1383,,CUST-1874,2026-02-22,Website Form,Qualified,Enterprise Team,VIC,3,1,0,0,0,0,2,2395.95,,2,22,Low,0.87
CRM-2026-1384,L-88000,CUST-1574,2026-02-25,Outbound,Proposal,South Team,NSW,4,1,1,0,0,0,1,2199.86,299.94,4,18,Medium,0.75
CRM-2026-1385,L-16584,CUST-1886,2026-01-10,Email Nurture,Contacted,SMB Team,QLD,6,0,1,0,0,1,2,2373.84,,0,10,High,0.86
CRM-2026-1386,L-94511,CUST-1449,2026-01-29,Email Nurture,Contacted,SMB Team,VIC,2,0,0,0,0,0,3,1670.34,,2,7,Medium,0.59
CRM-2026-1387,L-58328,CUST-1901,2026-01-29,Referral,Proposal,SMB Team,SA,4,1,1,0,0,0,3,353.24,,3,5,Medium,0.56
CRM-2026-1388,,CUST-1262,2026-04-10,Email Nurture,Contacted,South Team,NSW,3,0,1,0,0,1,4,,172.65,1,18,Medium,0.73
CRM-2026-1389,L-92938,CUST-1929,2026-01-23,Outbound,Negotiation,North Team,WA,7,1,1,0,0,0,3,4330.62,,0,5,Medium,0.77
CRM-2026-1390,L-27234,CUST-1958,2026-02-01,Website Form,qualified,North Team,WA,3,1,0,0,0,0,4,1627.57,151.37,3,4,Medium,0.96
CRM-2026-1391,L-68584,CUST-1515,2026-04-09,Website Form,Proposal,South Team,NSW,2,1,1,0,0,1,4,2635.55,,2,4,Strategic,0.5
CRM-2026-1392,L-17802,CUST-1215,2026-01-30,Outbound,Proposal,Enterprise Team,VIC,3,1,1,0,0,1,2,2438.89,404.12,0,3,Low,0.79
CRM-2026-1393,L-83071,CUST-1168,2026-03-07,Referral,closed_won,SMB Team,QLD,5,1,1,1,0,0,3,1906.14,2003.06,0,11,Medium,0.83
CRM-2026-1394,L-59956,CUST-1798,2026-04-09,Referral,Negotiation,North Team,WA,4,1,1,0,0,1,3,7384.0,,5,7,Medium,0.85
CRM-2026-1395,L-51277,CUST-1181,2026-03-12,Event,New Lead,SMB Team,WA,4,0,1,0,0,1,2,2148.15,,4,6,Medium,0.89
CRM-2026-1396,L-12696,CUST-1591,2026-03-04,Website Form,Closed Lost,SMB Team,NSW,2,0,0,0,1,0,3,1188.12,230.98,3,11,Medium,0.51
CRM-2026-1397,L-61943,CUST-1260,2026-02-19,Email Nurture,New Lead,North Team,WA,6,1,0,0,0,0,5,,843.28,3,2,Low,0.88
CRM-2026-1398,L-30773,CUST-1975,2026-01-21,Outbound,Closed Lost,South Team,VIC,4,0,0,0,1,1,2,4996.89,,4,13,High,0.57
CRM-2026-1399,L-45844,CUST-1296,2026-01-06,Partner,Contacted,North Team,NSW,4,0,0,0,0,0,1,2056.92,,0,6,Medium,0.45
CRM-2026-1400,L-31971,CUST-1054,2026-02-06,Partner,New Lead,SMB Team,NSW,3,0,1,0,0,0,1,0,,1,15,Strategic,0.48
CRM-2026-1401,L-83563,CUST-1640,2026-03-07,Outbound,Closed Won,South Team,WA,4,1,1,1,0,1,3,891.19,747.72,5,6,High,0.62
CRM-2026-1402,L-10183,CUST-1259,2026-02-20,Outbound,Qualified,South Team,NSW,4,1,0,0,0,1,3,5469.83,,0,12,High,0.49
CRM-2026-1403,L-41566,CUST-1486,2026-01-19,Partner,New Lead,Enterprise Team,QLD,5,0,1,0,0,1,3,2748.08,,3,12,Strategic,0.82
CRM-2026-1404,L-24507,CUST-1467,2026-02-15,Website Form,Closed Won,South Team,WA,1,1,1,1,0,1,3,828.32,626.44,2,8,Strategic,0.69
CRM-2026-1405,L-28782,CUST-1582,2026-04-04,Referral,Qualified,SMB Team,VIC,1,1,1,0,0,0,1,5914.33,705.42,2,1,Medium,0.93
CRM-2026-1406,L-17883,CUST-1252,2026-02-01,Referral,New Lead,South Team,SA,1,0,0,0,0,0,3,0,,2,3,Strategic,0.76
CRM-2026-1407,L-81979,CUST-1012,2026-04-05,Website Form,New Lead,SMB Team,SA,1,0,0,0,0,0,3,2051.9,315.76,1,20,Strategic,0.51
CRM-2026-1408,L-63257,CUST-1086,2026-02-17,Email Nurture,Contacted,Enterprise Team,QLD,1,0,0,0,0,1,4,2758.67,,0,15,High,0.7
CRM-2026-1409,L-21202,CUST-1863,2026-01-08,Referral,Closed Won,SMB Team,WA,4,1,1,1,0,1,2,3266.1,2511.79,0,10,Medium,0.48
CRM-2026-1410,L-27610,CUST-1260,2026-04-11,Partner,Contacted,Enterprise Team,SA,7,0,0,0,0,0,7,2669.49,,3,15,Medium,0.77
CRM-2026-1411,L-18573,CUST-1222,2026-04-17,Partner,Closed Won,SMB Team,QLD,2,1,1,1,0,0,4,5155.25,5588.01,1,3,Medium,0.82
CRM-2026-1412,L-84714,CUST-1701,2026-02-08,Website Form,Contacted,SMB Team,WA,4,0,0,0,0,0,3,4806.25,,2,19,Strategic,0.76
CRM-2026-1413,L-62236,CUST-1121,2026-01-26,Website Form,Closed Won,Enterprise Team,VIC,4,1,1,1,0,1,3,505.66,560.25,3,20,High,0.68
CRM-2026-1414,L-19280,CUST-1513,2026-04-05,Website Form,Contacted,SMB Team,NSW,4,0,0,0,0,0,4,,160.93,0,4,Low,0.46
CRM-2026-1415,L-72497,CUST-1242,2026-02-17,Website Form,closed_lost,North Team,WA,4,0,0,0,1,1,2,1902.87,,0,9,Low,0.89
CRM-2026-1416,L-65043,CUST-1703,2026-02-24,Website Form,Closed Won,Enterprise Team,VIC,3,1,1,1,0,1,6,1186.02,1097.27,2,26,Low,0.86
CRM-2026-1417,L-85379,CUST-1081,2026-04-07,Email Nurture,Contacted,North Team,NSW,4,1,0,0,0,1,4,935.46,127.8,1,4,High,0.81
CRM-2026-1418,L-53336,CUST-1902,2026-04-11,Referral,Qualified,North Team,SA,5,1,0,0,0,1,4,6971.91,940.61,2,7,Low,0.89
CRM-2026-1419,L-19461,CUST-1447,2026-03-03,Partner,New Lead,Enterprise Team,VIC,5,0,0,0,0,0,5,7099.19,,3,10,High,0.61
